Workbook

Sheet Raw Posts Data
A1: Post ID | B1: Platform | C1: Date | D1: Content Type | E1: Post Text | F1: Likes | G1: Shares | H1: Comments | I1: Impressions | J1: Reach | K1: Clicks | L1: Hashtags Used | M1: Campaign_Name | N1: Total Engagement
A2: SP001 | B2: Instagram | C2: 45781 | D2: Text | E2: Discover fresh beats on Spotify! | F2: 2414 | G2: 245 | H2: 137 | I2: 21181 | J2: 45292 | K2: 133 | L2: #SoundtrackOfLife,#NowPlaying | M2: ChillVibes | N2: =F2+G2+H2 -> 2796
A3: SP002 | B3: Instagram | C3: 45689 | D3: Text | E3: Explore the latest podcasts now. | F3: 1934 | G3: 210 | H3: 393 | I3: 29129 | J3: 73287 | K3: 273 | L3: #DiscoverWeekly | M3: IndieWave | N3: =F3+G3+H3 -> 2537
A4: SP003 | B4: Twitter | C4: 45629 | D4: Story | E4: New music just dropped. Hit play! | F4: 3092 | G4: 177 | H4: 81 | I4: 47533 | J4: 29220 | K4: 121 | L4: #MusicForEveryone,#NowPlaying | M4: ChillVibes | N4: =F4+G4+H4 -> 3350
A5: SP004 | B5: Instagram | C5: 45629 | D5: Text | E5: Wrapped is here! Relive your top tracks ðŸŽ§ | F5: 3173 | G5: 229 | H5: 197 | I5: 29604 | J5: 21809 | K5: 272 | L5: #SoundtrackOfLife,#NowPlaying | M5: ChillVibes | N5: =F5+G5+H5 -> 3599
A6: SP005 | B6: YouTube | C6: 45388 | D6: Text | E6: Music that moves youâ€”only on Spotify. | F6: 2748 | G6: 145 | H6: 315 | I6: 24401 | J6: 61182 | K6: 200 | L6: #DiscoverWeekly,#SpotifyWrapped | M6: IndieWave | N6: =F6+G6+H6 -> 3208
A7: SP006 | B7: YouTube | C7: 45456 | D7: Text | E7: Whatâ€™s your vibe today? #SpotifyHits | F7: 3882 | G7: 239 | H7: 275 | I7: 58748 | J7: 44646 | K7: 149 | L7: #DiscoverWeekly,#SpotifyWrapped | M7: IndieWave | N7: =F7+G7+H7 -> 4396
A8: SP007 | B8: Twitter | C8: 45645 | D8: Story | E8: Get into the groove with our new drop! | F8: 4674 | G8: 409 | H8: 327 | I8: 20756 | J8: 63599 | K8: 212 | L8: #SoundtrackOfLife,#NowPlaying | M8: ChillVibes | N8: =F8+G8+H8 -> 5410
A9: SP008 | B9: Twitter | C9: 45421 | D9: Story | E9: Wrapped is here! Relive your top tracks ðŸŽ§ | F9: 1428 | G9: 347 | H9: 67 | I9: 21148 | J9: 19712 | K9: 120 | L9: #DiscoverWeekly,#MusicForEveryone | M9: ChillVibes | N9: =F9+G9+H9 -> 1842
A10: SP009 | B10: Twitter | C10: 45823 | D10: Text | E10: Top trending tracks updated daily! | F10: 4432 | G10: 223 | H10: 299 | I10: 59016 | J10: 21742 | K10: 171 | L10: #NowPlaying | M10: ChillVibes | N10: =F10+G10+H10 -> 4954
A11: SP010 | B11: Twitter | C11: 45630 | D11: Text | E11: Wrapped is here! Relive your top tracks ðŸŽ§ | F11: 2357 | G11: 274 | H11: 172 | I11: 21566 | J11: 66829 | K11: 284 | L11: #NowPlaying | M11: ChillVibes | N11: =F11+G11+H11 -> 2803
A12: SP011 | B12: Twitter | C12: 45357 | D12: Text | E12: Discover fresh beats on Spotify! | F12: 1971 | G12: 370 | H12: 306 | I12: 31316 | J12: 27897 | K12: 88 | L12: #SoundtrackOfLife | M12: IndieWave | N12: =F12+G12+H12 -> 2647
A13: SP012 | B13: Instagram | C13: 45426 | D13: Text | E13: Discover fresh beats on Spotify! | F13: 1485 | G13: 353 | H13: 244 | I13: 38419 | J13: 38556 | K13: 86 | L13: #SoundtrackOfLife,#NowPlaying | M13: ChillVibes | N13: =F13+G13+H13 -> 2082
... A301: SP300 | B301: Instagram | C301: 45329 | D301: Text | E301: Music that moves youâ€”only on Spotify. | F301: 1883 | G301: 432 | H301: 397 | I301: 28759 | J301: 18691 | K301: 270 | L301: #SoundtrackOfLife,#NowPlaying | M301: ChillVibes | N301: =F301+G301+H301 -> 2712

Sheet Raw Campaign Data
A1: Campaign_Name | B1: Start_Date | C1: End_Date | D1: Objective | E1: Total_Budget | F1: Target_Platforms | G1: Primary_Hashtags
A2: SummerBeats | B2: 2024-06-15 | C2: 2024-07-15 | D2: Brand Awareness | E2: 175000 | F2: Instagram,YouTube | G2: #SpotifyWrapped,#MusicForEveryone
A3: Wrapped2024 | B3: 2024-12-01 | C3: 2024-12-31 | D3: Engagement | E3: 225000 | F3: Twitter,YouTube | G3: #SpotifyWrapped,#NowPlaying
A4: ChillVibes | B4: 2025-01-10 | C4: 2025-02-10 | D4: Product Launch | E4: 200000 | F4: Instagram,Twitter | G4: #ChillVibes,#SoundtrackOfLife
A5: IndieWave | B5: 2025-03-01 | C5: 2025-03-31 | D5: Traffic | E5: 160000 | F5: Facebook,Instagram | G5: #DiscoverWeekly,#IndieWave

Sheet Raw Engagement Summary
A1: Week_Start_Date | B1: Platform | C1: New_Followers | D1: Unfollows | E1: Total_Followers | F1: Engagement_Rate | G1: Ad_Spend
A2: 45446 | B2: Instagram | C2: 1402 | D2: 68 | E2: 124562 | F2: 9.92 | G2: 23125
A3: 45446 | B3: Twitter | C3: 995 | D3: 86 | E3: 227958 | F3: 8.05 | G3: 22788
A4: 45446 | B4: Youtube | C4: 1472 | D4: 296 | E4: 370242 | F4: 7.72 | G4: 7810
A5: 45453 | B5: Instagram | C5: 1018 | D5: 90 | E5: 92474 | F5: 9.4 | G5: 11966
A6: 45453 | B6: Twitter | C6: 1461 | D6: 64 | E6: 328902 | F6: 9.02 | G6: 26298
A7: 45453 | B7: Youtube | C7: 545 | D7: 93 | E7: 391621 | F7: 9.96 | G7: 22029
A8: 45460 | B8: Instagram | C8: 881 | D8: 291 | E8: 95885 | F8: 5.29 | G8: 12391
A9: 45460 | B9: Twitter | C9: 1414 | D9: 131 | E9: 245947 | F9: 8.3 | G9: 14477
A10: 45460 | B10: Youtube | C10: 1472 | D10: 170 | E10: 250428 | F10: 4.66 | G10: 25040
A11: 45467 | B11: Instagram | C11: 809 | D11: 197 | E11: 87186 | F11: 9.48 | G11: 22619
A12: 45467 | B12: Twitter | C12: 1371 | D12: 250 | E12: 128620 | F12: 7.11 | G12: 12399
A13: 45467 | B13: Youtube | C13: 844 | D13: 144 | E13: 126015 | F13: 9.65 | G13: 22456
... A201: 45908 | B201: Twitter | C201: 860 | D201: 244 | E201: 348686 | F201: 5.12 | G201: 11418

Sheet Summary
A1: TASK 1: DATA CLEANING SUMMARY
A3: Step | B3: Action | C3: Result | D3: Process adopted
A4: 1. Remove Duplicates | B4: Checked Post ID | C4: 300 posts retained (0 duplicates) | D4: selest post ID, data tab, remove duplicates
A5: 2. Standardize Dates | B5: Converted to datetime | C5: All dates in YYYY-MM-DD format | D5: format cells-date
A6: 3. Standardize Platforms | B6: Title case(proper), trim spaces | C6: Instagram, Twitter, Youtube | D6: PROPER(TRIM(B2))
A7: 4. Format Numbers | B7: Convert to integers | C7: All numeric columns formatted | D7: format cells-numbers
A8: 5. Split Hashtags | B8: Expand comma-separated | C8: 483 rows created from 300 posts | D8: done through power query - transform tab-split column by delimiter,-each occurrence of the delimiter, split into rows,
D9: right click , transform and trim to remove spaces before and after each hashtag

Sheet Cleaned Posts
A1: Post ID | B1: Platform | C1: Date | D1: Content Type | E1: Post Text | F1: Likes | G1: Shares | H1: Comments | I1: Impressions | J1: Reach | K1: Clicks | L1: Hashtags Used | M1: Campaign_Name | N1: Toatal engagement
A2: SP001 | B2: Instagram | C2: 45781 | D2: Text | E2: Discover fresh beats on Spotify! | F2: 2414 | G2: 245 | H2: 137 | I2: 21181 | J2: 45292 | K2: 133 | L2: #SoundtrackOfLife,#NowPlaying | M2: ChillVibes | N2: =F2+G2+H2 -> 2796
A3: SP002 | B3: Instagram | C3: 45689 | D3: Text | E3: Explore the latest podcasts now. | F3: 1934 | G3: 210 | H3: 393 | I3: 29129 | J3: 73287 | K3: 273 | L3: #DiscoverWeekly | M3: IndieWave | N3: =F3+G3+H3 -> 2537
A4: SP003 | B4: Twitter | C4: 45629 | D4: Story | E4: New music just dropped. Hit play! | F4: 3092 | G4: 177 | H4: 81 | I4: 47533 | J4: 29220 | K4: 121 | L4: #MusicForEveryone,#NowPlaying | M4: ChillVibes | N4: =F4+G4+H4 -> 3350
A5: SP004 | B5: Instagram | C5: 45629 | D5: Text | E5: Wrapped is here! Relive your top tracks ðŸŽ§ | F5: 3173 | G5: 229 | H5: 197 | I5: 29604 | J5: 21809 | K5: 272 | L5: #SoundtrackOfLife,#NowPlaying | M5: ChillVibes | N5: =F5+G5+H5 -> 3599
A6: SP005 | B6: Youtube | C6: 45388 | D6: Text | E6: Music that moves youâ€”only on Spotify. | F6: 2748 | G6: 145 | H6: 315 | I6: 24401 | J6: 61182 | K6: 200 | L6: #DiscoverWeekly,#SpotifyWrapped | M6: IndieWave | N6: =F6+G6+H6 -> 3208
A7: SP006 | B7: Youtube | C7: 45456 | D7: Text | E7: Whatâ€™s your vibe today? #SpotifyHits | F7: 3882 | G7: 239 | H7: 275 | I7: 58748 | J7: 44646 | K7: 149 | L7: #DiscoverWeekly,#SpotifyWrapped | M7: IndieWave | N7: =F7+G7+H7 -> 4396
A8: SP007 | B8: Twitter | C8: 45645 | D8: Story | E8: Get into the groove with our new drop! | F8: 4674 | G8: 409 | H8: 327 | I8: 20756 | J8: 63599 | K8: 212 | L8: #SoundtrackOfLife,#NowPlaying | M8: ChillVibes | N8: =F8+G8+H8 -> 5410
A9: SP008 | B9: Twitter | C9: 45421 | D9: Story | E9: Wrapped is here! Relive your top tracks ðŸŽ§ | F9: 1428 | G9: 347 | H9: 67 | I9: 21148 | J9: 19712 | K9: 120 | L9: #DiscoverWeekly,#MusicForEveryone | M9: ChillVibes | N9: =F9+G9+H9 -> 1842
A10: SP009 | B10: Twitter | C10: 45823 | D10: Text | E10: Top trending tracks updated daily! | F10: 4432 | G10: 223 | H10: 299 | I10: 59016 | J10: 21742 | K10: 171 | L10: #NowPlaying | M10: ChillVibes | N10: =F10+G10+H10 -> 4954
A11: SP010 | B11: Twitter | C11: 45630 | D11: Text | E11: Wrapped is here! Relive your top tracks ðŸŽ§ | F11: 2357 | G11: 274 | H11: 172 | I11: 21566 | J11: 66829 | K11: 284 | L11: #NowPlaying | M11: ChillVibes | N11: =F11+G11+H11 -> 2803
A12: SP011 | B12: Twitter | C12: 45357 | D12: Text | E12: Discover fresh beats on Spotify! | F12: 1971 | G12: 370 | H12: 306 | I12: 31316 | J12: 27897 | K12: 88 | L12: #SoundtrackOfLife | M12: IndieWave | N12: =F12+G12+H12 -> 2647
A13: SP012 | B13: Instagram | C13: 45426 | D13: Text | E13: Discover fresh beats on Spotify! | F13: 1485 | G13: 353 | H13: 244 | I13: 38419 | J13: 38556 | K13: 86 | L13: #SoundtrackOfLife,#NowPlaying | M13: ChillVibes | N13: =F13+G13+H13 -> 2082
... A301: SP300 | B301: Instagram | C301: 45329 | D301: Text | E301: Music that moves youâ€”only on Spotify. | F301: 1883 | G301: 432 | H301: 397 | I301: 28759 | J301: 18691 | K301: 270 | L301: #SoundtrackOfLife,#NowPlaying | M301: ChillVibes | N301: =F301+G301+H301 -> 2712

Sheet Cleaned Engagement Summary
A1: Week_Start_Date | B1: Platform | C1: New_Followers | D1: Unfollows | E1: Total_Followers | F1: Engagement_Rate | G1: Ad_Spend
A2: 45446 | B2: Instagram | C2: 1402 | D2: 68 | E2: 124562 | F2: 9.92 | G2: 23125
A3: 45446 | B3: Twitter | C3: 995 | D3: 86 | E3: 227958 | F3: 8.05 | G3: 22788
A4: 45446 | B4: Youtube | C4: 1472 | D4: 296 | E4: 370242 | F4: 7.72 | G4: 7810
A5: 45453 | B5: Instagram | C5: 1018 | D5: 90 | E5: 92474 | F5: 9.4 | G5: 11966
A6: 45453 | B6: Twitter | C6: 1461 | D6: 64 | E6: 328902 | F6: 9.02 | G6: 26298
A7: 45453 | B7: Youtube | C7: 545 | D7: 93 | E7: 391621 | F7: 9.96 | G7: 22029
A8: 45460 | B8: Instagram | C8: 881 | D8: 291 | E8: 95885 | F8: 5.29 | G8: 12391
A9: 45460 | B9: Twitter | C9: 1414 | D9: 131 | E9: 245947 | F9: 8.3 | G9: 14477
A10: 45460 | B10: Youtube | C10: 1472 | D10: 170 | E10: 250428 | F10: 4.66 | G10: 25040
A11: 45467 | B11: Instagram | C11: 809 | D11: 197 | E11: 87186 | F11: 9.48 | G11: 22619
A12: 45467 | B12: Twitter | C12: 1371 | D12: 250 | E12: 128620 | F12: 7.11 | G12: 12399
A13: 45467 | B13: Youtube | C13: 844 | D13: 144 | E13: 126015 | F13: 9.65 | G13: 22456
... A201: 45908 | B201: Twitter | C201: 860 | D201: 244 | E201: 348686 | F201: 5.12 | G201: 11418

Sheet Cleaned Campaign Metadata
A1: Campaign_Name | B1: Start_Date | C1: End_Date | D1: Objective | E1: Total_Budget | F1: Target_Platforms | G1: Primary_Hashtags
A2: SummerBeats | B2: 2024-06-15 | C2: 2024-07-15 | D2: Brand Awareness | E2: 175000 | F2: Instagram,YouTube | G2: #SpotifyWrapped,#MusicForEveryone
A3: Wrapped2024 | B3: 2024-12-01 | C3: 2024-12-31 | D3: Engagement | E3: 225000 | F3: Twitter,YouTube | G3: #SpotifyWrapped,#NowPlaying
A4: ChillVibes | B4: 2025-01-10 | C4: 2025-02-10 | D4: Product Launch | E4: 200000 | F4: Instagram,Twitter | G4: #ChillVibes,#SoundtrackOfLife
A5: IndieWave | B5: 2025-03-01 | C5: 2025-03-31 | D5: Traffic | E5: 160000 | F5: Facebook,Instagram | G5: #DiscoverWeekly,#IndieWave

Sheet Expanded Hashtags
A1: Post ID | B1: Platform | C1: Date | D1: Content Type | E1: Post Text | F1: Likes | G1: Shares | H1: Comments | I1: Impressions | J1: Reach | K1: Clicks | L1: Hashtags Used | M1: Campaign_Name | N1: Total Enagagement
A2: SP001 | B2: Instagram | C2: 45781 | D2: Text | E2: Discover fresh beats on Spotify! | F2: 2414 | G2: 245 | H2: 137 | I2: 21181 | J2: 45292 | K2: 133 | L2: #SoundtrackOfLife | M2: ChillVibes | N2: =F2+G2+H2 -> 2796
A3: SP001 | B3: Instagram | C3: 45781 | D3: Text | E3: Discover fresh beats on Spotify! | F3: 2414 | G3: 245 | H3: 137 | I3: 21181 | J3: 45292 | K3: 133 | L3: #NowPlaying | M3: ChillVibes | N3: =F3+G3+H3 -> 2796
A4: SP002 | B4: Instagram | C4: 45689 | D4: Text | E4: Explore the latest podcasts now. | F4: 1934 | G4: 210 | H4: 393 | I4: 29129 | J4: 73287 | K4: 273 | L4: #DiscoverWeekly | M4: IndieWave | N4: =F4+G4+H4 -> 2537
A5: SP003 | B5: Twitter | C5: 45629 | D5: Story | E5: New music just dropped. Hit play! | F5: 3092 | G5: 177 | H5: 81 | I5: 47533 | J5: 29220 | K5: 121 | L5: #MusicForEveryone | M5: ChillVibes | N5: =F5+G5+H5 -> 3350
A6: SP003 | B6: Twitter | C6: 45629 | D6: Story | E6: New music just dropped. Hit play! | F6: 3092 | G6: 177 | H6: 81 | I6: 47533 | J6: 29220 | K6: 121 | L6: #NowPlaying | M6: ChillVibes | N6: =F6+G6+H6 -> 3350
A7: SP004 | B7: Instagram | C7: 45629 | D7: Text | E7: Wrapped is here! Relive your top tracks ðŸŽ§ | F7: 3173 | G7: 229 | H7: 197 | I7: 29604 | J7: 21809 | K7: 272 | L7: #SoundtrackOfLife | M7: ChillVibes | N7: =F7+G7+H7 -> 3599
A8: SP004 | B8: Instagram | C8: 45629 | D8: Text | E8: Wrapped is here! Relive your top tracks ðŸŽ§ | F8: 3173 | G8: 229 | H8: 197 | I8: 29604 | J8: 21809 | K8: 272 | L8: #NowPlaying | M8: ChillVibes | N8: =F8+G8+H8 -> 3599
A9: SP005 | B9: YouTube | C9: 45388 | D9: Text | E9: Music that moves youâ€”only on Spotify. | F9: 2748 | G9: 145 | H9: 315 | I9: 24401 | J9: 61182 | K9: 200 | L9: #DiscoverWeekly | M9: IndieWave | N9: =F9+G9+H9 -> 3208
A10: SP005 | B10: YouTube | C10: 45388 | D10: Text | E10: Music that moves youâ€”only on Spotify. | F10: 2748 | G10: 145 | H10: 315 | I10: 24401 | J10: 61182 | K10: 200 | L10: #SpotifyWrapped | M10: IndieWave | N10: =F10+G10+H10 -> 3208
A11: SP006 | B11: YouTube | C11: 45456 | D11: Text | E11: Whatâ€™s your vibe today? #SpotifyHits | F11: 3882 | G11: 239 | H11: 275 | I11: 58748 | J11: 44646 | K11: 149 | L11: #DiscoverWeekly | M11: IndieWave | N11: =F11+G11+H11 -> 4396
A12: SP006 | B12: YouTube | C12: 45456 | D12: Text | E12: Whatâ€™s your vibe today? #SpotifyHits | F12: 3882 | G12: 239 | H12: 275 | I12: 58748 | J12: 44646 | K12: 149 | L12: #SpotifyWrapped | M12: IndieWave | N12: =F12+G12+H12 -> 4396
A13: SP007 | B13: Twitter | C13: 45645 | D13: Story | E13: Get into the groove with our new drop! | F13: 4674 | G13: 409 | H13: 327 | I13: 20756 | J13: 63599 | K13: 212 | L13: #SoundtrackOfLife | M13: ChillVibes | N13: =F13+G13+H13 -> 5410
... A484: SP300 | B484: Instagram | C484: 45329 | D484: Text | E484: Music that moves youâ€”only on Spotify. | F484: 1883 | G484: 432 | H484: 397 | I484: 28759 | J484: 18691 | K484: 270 | L484: #NowPlaying | M484: ChillVibes | N484: =F484+G484+H484 -> 2712

Sheet Enagaement_Analysis
A1: TASK -2 : Engagement rate analysis
A3: Formula: Engagement Rate = (Likes + Comments + Shares) / Impressions × 100
A5: Post ID | B5: Platform | C5: Content Type | D5: Likes | E5: Comments | F5: Shares | G5: Impressions | H5: Total engagement | I5: Engagement Rate (%) | J5: Rank
A6: SP007 | B6: Twitter | C6: Story | D6: 4674 | E6: 327 | F6: 409 | G6: 20756 | H6: =SUM(D6+E6+F6) -> 5410 | I6: =(D6+E6+F6)/G6*100 -> 26.064752 | J6: =RANK(I6,I$6:I$305,0) -> 1
A7: SP106 | B7: Twitter | C7: Story | D7: 4619 | E7: 57 | F7: 272 | G7: 21334 | H7: =SUM(D7+E7+F7) -> 4948 | I7: =(D7+E7+F7)/G7*100 -> 23.193025 | J7: =RANK(I7,I$6:I$305,0) -> 2
A8: SP186 | B8: Twitter | C8: Story | D8: 4618 | E8: 254 | F8: 312 | G8: 22571 | H8: =SUM(D8+E8+F8) -> 5184 | I8: =(D8+E8+F8)/G8*100 -> 22.967525 | J8: =RANK(I8,I$6:I$305,0) -> 3
A9: SP279 | B9: Twitter | C9: Story | D9: 3507 | E9: 371 | F9: 295 | G9: 20410 | H9: =SUM(D9+E9+F9) -> 4173 | I9: =(D9+E9+F9)/G9*100 -> 20.44586 | J9: =RANK(I9,I$6:I$305,0) -> 4
A10: SP050 | B10: Twitter | C10: Text | D10: 4401 | E10: 216 | F10: 421 | G10: 24890 | H10: =SUM(D10+E10+F10) -> 5038 | I10: =(D10+E10+F10)/G10*100 -> 20.241061 | J10: =RANK(I10,I$6:I$305,0) -> 5
A11: SP022 | B11: Instagram | C11: Text | D11: 4896 | E11: 233 | F11: 466 | G11: 28621 | H11: =SUM(D11+E11+F11) -> 5595 | I11: =(D11+E11+F11)/G11*100 -> 19.548583 | J11: =RANK(I11,I$6:I$305,0) -> 6
A12: SP157 | B12: Youtube | C12: Text | D12: 4425 | E12: 162 | F12: 185 | G12: 24610 | H12: =SUM(D12+E12+F12) -> 4772 | I12: =(D12+E12+F12)/G12*100 -> 19.390492 | J12: =RANK(I12,I$6:I$305,0) -> 7
A13: SP248 | B13: Youtube | C13: Reel | D13: 4722 | E13: 344 | F13: 310 | G13: 27911 | H13: =SUM(D13+E13+F13) -> 5376 | I13: =(D13+E13+F13)/G13*100 -> 19.261223 | J13: =RANK(I13,I$6:I$305,0) -> 8
A14: SP136 | B14: Twitter | C14: Text | D14: 3728 | E14: 275 | F14: 271 | G14: 22827 | H14: =SUM(D14+E14+F14) -> 4274 | I14: =(D14+E14+F14)/G14*100 -> 18.723442 | J14: =RANK(I14,I$6:I$305,0) -> 9
A15: SP068 | B15: Twitter | C15: Text | D15: 3276 | E15: 114 | F15: 421 | G15: 20580 | H15: =SUM(D15+E15+F15) -> 3811 | I15: =(D15+E15+F15)/G15*100 -> 18.517979 | J15: =RANK(I15,I$6:I$305,0) -> 10
A16: SP088 | B16: Twitter | C16: Story | D16: 4796 | E16: 339 | F16: 427 | G16: 30752 | H16: =SUM(D16+E16+F16) -> 5562 | I16: =(D16+E16+F16)/G16*100 -> 18.086629 | J16: =RANK(I16,I$6:I$305,0) -> 11
A17: SP213 | B17: Instagram | C17: Story | D17: 4902 | E17: 376 | F17: 422 | G17: 31674 | H17: =SUM(D17+E17+F17) -> 5700 | I17: =(D17+E17+F17)/G17*100 -> 17.995833 | J17: =RANK(I17,I$6:I$305,0) -> 12
... A305: SP059 | B305: Youtube | C305: Text | D305: 1105 | E305: 55 | F305: 181 | G305: 53581 | H305: =SUM(D305+E305+F305) -> 1341 | I305: =(D305+E305+F305)/G305*100 -> 2.5027528 | J305: =RANK(I305,I$6:I$305,0) -> 300

Sheet TOP 10 POSTS BY ENGAGEMENT RATE
C1: Top 10 Posts by Engagement Rate
A3: Post ID | B3: Platform | C3: Content Type | D3: Likes | E3: Comments | F3: Shares | G3: Impressions | H3: Engagement Rate (%) | I3: Rank
A4: SP007 | B4: Twitter | C4: Story | D4: 4674 | E4: 327 | F4: 409 | G4: 20756 | H4: =(D4+E4+F4)/G4*100 -> 26.064752 | I4: =RANK(H4,$H$4:$H$13,0) -> 1
A5: SP106 | B5: Twitter | C5: Story | D5: 4619 | E5: 57 | F5: 272 | G5: 21334 | H5: =(D5+E5+F5)/G5*100 -> 23.193025 | I5: =RANK(H5,$H$4:$H$13,0) -> 2
A6: SP186 | B6: Twitter | C6: Story | D6: 4618 | E6: 254 | F6: 312 | G6: 22571 | H6: =(D6+E6+F6)/G6*100 -> 22.967525 | I6: =RANK(H6,$H$4:$H$13,0) -> 3
A7: SP279 | B7: Twitter | C7: Story | D7: 3507 | E7: 371 | F7: 295 | G7: 20410 | H7: =(D7+E7+F7)/G7*100 -> 20.44586 | I7: =RANK(H7,$H$4:$H$13,0) -> 4
A8: SP050 | B8: Twitter | C8: Text | D8: 4401 | E8: 216 | F8: 421 | G8: 24890 | H8: =(D8+E8+F8)/G8*100 -> 20.241061 | I8: =RANK(H8,$H$4:$H$13,0) -> 5
A9: SP022 | B9: Instagram | C9: Text | D9: 4896 | E9: 233 | F9: 466 | G9: 28621 | H9: =(D9+E9+F9)/G9*100 -> 19.548583 | I9: =RANK(H9,$H$4:$H$13,0) -> 6
A10: SP157 | B10: Youtube | C10: Text | D10: 4425 | E10: 162 | F10: 185 | G10: 24610 | H10: =(D10+E10+F10)/G10*100 -> 19.390492 | I10: =RANK(H10,$H$4:$H$13,0) -> 7
A11: SP248 | B11: Youtube | C11: Reel | D11: 4722 | E11: 344 | F11: 310 | G11: 27911 | H11: =(D11+E11+F11)/G11*100 -> 19.261223 | I11: =RANK(H11,$H$4:$H$13,0) -> 8
A12: SP136 | B12: Twitter | C12: Text | D12: 3728 | E12: 275 | F12: 271 | G12: 22827 | H12: =(D12+E12+F12)/G12*100 -> 18.723442 | I12: =RANK(H12,$H$4:$H$13,0) -> 9
A13: SP068 | B13: Twitter | C13: Text | D13: 3276 | E13: 114 | F13: 421 | G13: 20580 | H13: =(D13+E13+F13)/G13*100 -> 18.517979 | I13: =RANK(H13,$H$4:$H$13,0) -> 10

Sheet Pivot-Content Type & Platform
A3: Row Labels | B3: Sum of Likes | C3: Sum of Shares | D3: Sum of Comments
A4: Reel | B4: 89871 | C4: 9086 | D4: 6826
A5: Youtube | B5: 89871 | C5: 9086 | D5: 6826
A6: Story | B6: 333918 | C6: 34487 | D6: 24098
A7: Instagram | B7: 61815 | C7: 7993 | D7: 5656
A8: Twitter | B8: 272103 | C8: 26494 | D8: 18442
A9: Text | B9: 473386 | C9: 49828 | D9: 36142
A10: Instagram | B10: 189658 | C10: 21292 | D10: 15162
A11: Twitter | B11: 178192 | C11: 19004 | D11: 13135
A12: Youtube | B12: 105536 | C12: 9532 | D12: 7845
A16: Key Findings
A17: Story on Twitter = Winner — 272,103 likes (highest)
A18: Text on Instagram = 2nd best — 189,658 likes
A19: Reels only on YouTube — 89,871 likes

Sheet Hashtag Performance
A1: HASHTAG PERFORMANCE - AVG CLICKS PER POST
A3: Row Labels | B3: Avg Clicks Per Post | C3: Count of Post ID | D3: RANK
A4: #SpotifyWrapped | B4: 208.47059 | C4: 34 | D4: =RANK(B4,$B$4:$B$8,0) -> 1
A5: #DiscoverWeekly | B5: 197.16923 | C5: 130 | D5: =RANK(B5,$B$4:$B$8,0) -> 2
A6: #SoundtrackOfLife | B6: 192.45872 | C6: 109 | D6: =RANK(B6,$B$4:$B$8,0) -> 3
A7: #NowPlaying | B7: 186.72028 | C7: 143 | D7: =RANK(B7,$B$4:$B$8,0) -> 4
A8: #MusicForEveryone | B8: 183.47761 | C8: 67 | D8: =RANK(B8,$B$4:$B$8,0) -> 5

Sheet Platfrom performance analysis
A1: Task -3: PLATFROM PERFORMANCE ANALYSIS
A3: Platform | B3: Total Likes | C3: Total Comments | D3: Total Shares | E3: Total Impressions | F3: Total Engagement | G3: Engagement Rate (%) | H3: Rank | I3: Total Ad Spend ($) | J3: ROI
A4: Twitter | B4: 450295 | C4: 31577 | D4: 45498 | E4: 6138949 | F4: =B4+C4+D4 -> 527370 | G4: =F4/E4*100 -> 8.5905584 | H4: =RANK(G4,G$4:G$7,0) -> 1 | I4: 1114204 | J4: =F4/I4 -> 0.47331548
A5: Instagram | B5: 251473 | C5: 20818 | D5: 29285 | E5: 3553489 | F5: =B5+C5+D5 -> 301576 | G5: =(B5+C5+D5)/E5*100 -> 8.4867577 | H5: =RANK(G5,G$4:G$7,0) -> 2 | I5: 1035942 | J5: =F5/I5 -> 0.29111282
A6: Youtube | B6: 195407 | C6: 14671 | D6: 18618 | E6: 2777994 | F6: =B6+C6+D6 -> 228696 | G6: =(B6+C6+D6)/E6*100 -> 8.2324152 | H6: =RANK(G6,G$4:G$7,0) -> 3 | I6: 1065782 | J6: =F6/I6 -> 0.21458047
A10: KEY FINDINGS
A12: Metric | B12: Finding
A13: Best Platform (Engagement) | B13: Twitter
A14: Engagement Rate | B14: 8.59
A15: Total Engagement | B15: 527370
A16: ROI (Engagement per $) | B16: 0.47
A17: Overall Ranking | B17: #1 in all metrics
N18: Ad Spend vs. Engagement charts
A23: Recommendation
A24: FOCUS: | B24: On Twitter
A25: Budget Allocation: | B25: Twitter: 60-70% of budget
A26: Other Platforms: | B26: 30-40% combined
A28: Justification
A29: - Highest engagement rate
A30: - Best ROI on ad spend
A31: - Strong follower growth

Sheet WEEKLY FOLLOWER GROWTH
A1: WEEKLY FOLLOWER GROWTH BY PLATFORM
A3: Week | B3: Platform | C3: New Followers | D3: Unfollows | E3: Net Growth | F3: Growth Rate (%)
A4: 45446 | B4: Instagram | C4: 1402 | D4: 68 | E4: =C4-D4 -> 1334 | F4: =E4/C4*100 -> 95.149786
A5: 45446 | B5: Twitter | C5: 995 | D5: 86 | E5: =C5-D5 -> 909 | F5: =E5/C5*100 -> 91.356784
A6: 45446 | B6: Youtube | C6: 1472 | D6: 296 | E6: =C6-D6 -> 1176 | F6: =E6/C6*100 -> 79.891304
A7: 45453 | B7: Instagram | C7: 1018 | D7: 90 | E7: =C7-D7 -> 928 | F7: =E7/C7*100 -> 91.159136
A8: 45453 | B8: Twitter | C8: 1461 | D8: 64 | E8: =C8-D8 -> 1397 | F8: =E8/C8*100 -> 95.619439
A9: 45453 | B9: Youtube | C9: 545 | D9: 93 | E9: =C9-D9 -> 452 | F9: =E9/C9*100 -> 82.93578
A10: 45460 | B10: Instagram | C10: 881 | D10: 291 | E10: =C10-D10 -> 590 | F10: =E10/C10*100 -> 66.969353
A11: 45460 | B11: Twitter | C11: 1414 | D11: 131 | E11: =C11-D11 -> 1283 | F11: =E11/C11*100 -> 90.735502
A12: 45460 | B12: Youtube | C12: 1472 | D12: 170 | E12: =C12-D12 -> 1302 | F12: =E12/C12*100 -> 88.451087
A13: 45467 | B13: Instagram | C13: 809 | D13: 197 | E13: =C13-D13 -> 612 | F13: =E13/C13*100 -> 75.648949
A14: 45467 | B14: Twitter | C14: 1371 | D14: 250 | E14: =C14-D14 -> 1121 | F14: =E14/C14*100 -> 81.765135
A15: 45467 | B15: Youtube | C15: 844 | D15: 144 | E15: =C15-D15 -> 700 | F15: =E15/C15*100 -> 82.938389
... A203: 45908 | B203: Twitter | C203: 860 | D203: 244 | E203: =C203-D203 -> 616 | F203: =E203/C203*100 -> 71.627907

Sheet Hashtag Analysis
A1: TASK:4 Most Frequent Hashtags
A3: Row Labels | B3: Frenquency | C3: Sum of Impressions | D3: Average of Total Enagagement
A4: #NowPlaying | B4: 143 | C4: 5640803 | D4: 3536.0629
A5: #DiscoverWeekly | B5: 130 | C5: 5692683 | D5: 3580.1846
A6: #SoundtrackOfLife | B6: 109 | C6: 4396669 | D6: 3457.6422
A7: #MusicForEveryone | B7: 67 | C7: 2976765 | D7: 3637.0149
A8: #SpotifyWrapped | B8: 34 | C8: 1544141 | D8: 3615.0882
A12: **Most Frequent Hashtags**
A14: 1.#NowPlaying (143 uses)
A15: 2#DiscoverWeekly (130 uses)
A16: 3.#SoundtrackOfLife (109 uses)

Sheet Hashtags by Engagement
A1: Ranked by Average Hashtags
A3: Row Labels | B3: Average of Total Enagagement | C3: Average of Clicks | D3: Frequency
A4: #MusicForEveryone | B4: 3637.0149 | C4: 183.47761 | D4: 67
A5: #SpotifyWrapped | B5: 3615.0882 | C5: 208.47059 | D5: 34
A6: #DiscoverWeekly | B6: 3580.1846 | C6: 197.16923 | D6: 130
A7: #NowPlaying | B7: 3536.0629 | C7: 186.72028 | D7: 143
A8: #SoundtrackOfLife | B8: 3457.6422 | C8: 192.45872 | D8: 109
A12: **Best Performing Hashtags**
A13: 1.#MusicForEveryone (3,637 avg engagement)
A14: 2.#SpotifyWrapped (3,615 avg engagement)
A15: 3.#DiscoverWeekly (3,580 avg engagement)

Sheet Content Type Performance
A1: CONTENT TYPE PERFORMANCE BY PLATFORM
A3: Row Labels | B3: Sum of Toatal engagement | C3: Posts
A4: Reel | B4: 105783 | C4: 29
A5: Youtube | B5: 105783 | C5: 29
A6: Story | B6: 392503 | C6: 110
A7: Instagram | B7: 75464 | C7: 23
A8: Twitter | B8: 317039 | C8: 87
A9: Text | B9: 559356 | C9: 161
A10: Instagram | B10: 226112 | C10: 66
A11: Twitter | B11: 210331 | C11: 61
A12: Youtube | B12: 122913 | C12: 34
A15: **Best Content-Platform Combinations**
A16: 1.Story on Twitter
A17: 2.Text on Instagarm
A18: 3. Reel on Youtube

Sheet  Detailed Campaign Metrics
A1: TASK:5 CAMPAIGN EFFECTIVENESS ANALYSIS
A3: CAMPAIGN | B3: POSTS | C3: TOTAL IMPRESSIONS | D3: AVG IMPRESSIONS | E3: TOTAL LIKES | F3: AVG LIKES | G3: TOTAL CLICKS | H3: AVG CLICKS | I3: TOTAL ENGAGEMENT | J3: BUDGET | K3: ROI
A4: ChillVibes | B4: =COUNTIF('Raw Posts Data'!$M:$M,A4) -> 154 | C4: =SUMIF('Raw Posts Data'!$M:$M,A4,'Raw Posts Data'!$I:$I) -> 6331868 | D4: =C4/B4 -> 41116.026 | E4: =SUMIF('Raw Posts Data'!$M:$M,A4,'Raw Posts Data'!$F:$F) -> 471034 | F4: =E4/B4 -> 3058.6623 | G4: =SUMIF('Raw Posts Data'!$M:$M,A4,'Raw Posts Data'!$K:$K) -> 28708 | H4: =G4/B4 -> 186.41558 | I4: =SUMIF('Raw Posts Data'!$M:$M,A4,'Raw Posts Data'!$N:$N) -> 551989 | J4: =VLOOKUP(A4,'Raw Campaign Data'!$A:$E,5,FALSE) -> 200000 | K4: =I4/J4 -> 2.759945
A5: IndieWave | B5: =COUNTIF('Raw Posts Data'!$M:$M,A5) -> 94 | C5: =SUMIF('Raw Posts Data'!$M:$M,A5,'Raw Posts Data'!$I:$I) -> 4039305 | D5: =C5/B5 -> 42971.33 | E5: =SUMIF('Raw Posts Data'!$M:$M,A5,'Raw Posts Data'!$F:$F) -> 274455 | F5: =E5/B5 -> 2919.734 | G5: =SUMIF('Raw Posts Data'!$M:$M,A5,'Raw Posts Data'!$K:$K) -> 18717 | H5: =G5/B5 -> 199.11702 | I5: =SUMIF('Raw Posts Data'!$M:$M,A5,'Raw Posts Data'!$N:$N) -> 324406 | J5: =VLOOKUP(A5,'Raw Campaign Data'!$A:$E,5,FALSE) -> 160000 | K5: =I5/J5 -> 2.0275375
A6: SummerBeats | B6: =COUNTIF('Raw Posts Data'!$M:$M,A6) -> 29 | C6: =SUMIF('Raw Posts Data'!$M:$M,A6,'Raw Posts Data'!$I:$I) -> 1233853 | D6: =C6/B6 -> 42546.655 | E6: =SUMIF('Raw Posts Data'!$M:$M,A6,'Raw Posts Data'!$F:$F) -> 89871 | F6: =E6/B6 -> 3099 | G6: =SUMIF('Raw Posts Data'!$M:$M,A6,'Raw Posts Data'!$K:$K) -> 5557 | H6: =G6/B6 -> 191.62069 | I6: =SUMIF('Raw Posts Data'!$M:$M,A6,'Raw Posts Data'!$N:$N) -> 105783 | J6: =VLOOKUP(A6,'Raw Campaign Data'!$A:$E,5,FALSE) -> 175000 | K6: =I6/J6 -> 0.60447429
A7: Wrapped2024 | B7: =COUNTIF('Raw Posts Data'!$M:$M,A7) -> 23 | C7: =SUMIF('Raw Posts Data'!$M:$M,A7,'Raw Posts Data'!$I:$I) -> 865406 | D7: =C7/B7 -> 37626.348 | E7: =SUMIF('Raw Posts Data'!$M:$M,A7,'Raw Posts Data'!$F:$F) -> 61815 | F7: =E7/B7 -> 2687.6087 | G7: =SUMIF('Raw Posts Data'!$M:$M,A7,'Raw Posts Data'!$K:$K) -> 4614 | H7: =G7/B7 -> 200.6087 | I7: =SUMIF('Raw Posts Data'!$M:$M,A7,'Raw Posts Data'!$N:$N) -> 75464 | J7: =VLOOKUP(A7,'Raw Campaign Data'!$A:$E,5,FALSE) -> 225000 | K7: =I7/J7 -> 0.33539556

Sheet Engagement Uplift
A1: ENGAGEMENT UPLIFT ANALYSIS (During vs Before Campaign)
A3: Campaign | B3: Before Campaign | C3: During Campaign | D3: Uplift | E3: Trend
A4: SummerBeats | B4: =AVERAGEIFS('Raw Engagement Summary'!$F:$F, 'Raw Engagement Summary'!$A:$A,">=2024-05-15", 'Raw Engagement Summary'!$A:$A,"<=2024-06-14") -> 9.0116667 | C4: =AVERAGEIFS('Raw Engagement Summary'!$F:$F,'Raw Engagement Summary'!$A:$A,">=2024-06-15",'Raw Engagement Summary'!$A:$A,"<=2024-07-15") -> 7.1393333 | D4: =(C4-B4)/B4*100 -> -20.776771 | E4: =IF(D4>0,"📈 Positive","📉 Negative") -> 📉 Negative
A5: Wrapped2024 | B5: =AVERAGEIFS('Raw Engagement Summary'!$F:$F,'Raw Engagement Summary'!$A:$A,">=2024-10-31",'Raw Engagement Summary'!$A:$A,"<=2024-11-30") -> 7.5766667 | C5: =AVERAGEIFS('Raw Engagement Summary'!$F:$F,'Raw Engagement Summary'!$A:$A,">=2024-12-01",'Raw Engagement Summary'!$A:$A,"<=2024-12-31") -> 6.1106667 | D5: =(C5-B5)/B5*100 -> -19.348878 | E5: =IF(D5>0,"📈 Positive","📉 Negative") -> 📉 Negative
A6: ChillVibes | B6: =AVERAGEIFS('Raw Engagement Summary'!$F:$F,'Raw Engagement Summary'!$A:$A,">=2024-12-09",'Raw Engagement Summary'!$A:$A,"<=2025-01-09") -> 6.2933333 | C6: =AVERAGEIFS('Raw Engagement Summary'!$F:$F,'Raw Engagement Summary'!$A:$A,">=2025-01-10",'Raw Engagement Summary'!$A:$A,"<=2025-02-10") -> 6.2493333 | D6: =(C6-B6)/B6*100 -> -0.69915254 | E6: =IF(D6>0,"📈 Positive","📉 Negative") -> 📉 Negative
A7: IndieWave | B7: =AVERAGEIFS('Raw Engagement Summary'!$F:$F,'Raw Engagement Summary'!$A:$A,">=2025-01-29",'Raw Engagement Summary'!$A:$A,"<=2025-02-28") -> 6.2341667 | C7: =AVERAGEIFS('Raw Engagement Summary'!$F:$F,'Raw Engagement Summary'!$A:$A,">=2025-03-01",'Raw Engagement Summary'!$A:$A,"<=2025-03-31") -> 6.9173333 | D7: =(C7-B7)/B7*100 -> 10.958428 | E7: =IF(D7>0,"📈 Positive","📉 Negative") -> 📈 Positive
A10: KEY INSIGHTS
A11: Best Uplift Campaign | B11: IndieWave (+10.96%)
A12: Only Positive Uplift | B12: IndieWave - all others were below baseline
A13: Biggest Drop | B13: SummerBeats (-20.78%)
A14: Key Insight | B14: Campaigns need stronger content strategy to beat organic baseline

Sheet  Campaign Performance
A1: TASK 5: CAMPAIGN ROI RANKING
A3: RANK | B3: CAMPAIGN | C3: POSTS | D3: TOTAL ENGAGEMENT | E3: BUDGET | F3: ROI | G3: STATUS
A4: =RANK(C4,$C$4:$C$7,0) -> 1 | B4: ChillVibes | C4: =COUNTIF('Raw Posts Data'!$M:$M,B4) -> 154 | D4: =SUMIF('Raw Posts Data'!$M:$M,B4,'Raw Posts Data'!$N:$N) -> 551989 | E4: =VLOOKUP(B4,'Raw Campaign Data'!$A:$E,5,FALSE) -> 200000 | F4: =D4/E4 -> 2.759945 | G4: =IF(F4>=2,"Excellent",IF(F4>=1,"Good","Needs Improvement")) -> Excellent
A5: =RANK(C5,$C$4:$C$7,0) -> 2 | B5: IndieWave | C5: =COUNTIF('Raw Posts Data'!$M:$M,B5) -> 94 | D5: =SUMIF('Raw Posts Data'!$M:$M,B5,'Raw Posts Data'!$N:$N) -> 324406 | E5: =VLOOKUP(B5,'Raw Campaign Data'!$A:$E,5,FALSE) -> 160000 | F5: =D5/E5 -> 2.0275375 | G5: =IF(F5>=2,"Excellent",IF(F5>=1,"Good","Needs Improvement")) -> Excellent
A6: =RANK(C6,$C$4:$C$7,0) -> 3 | B6: SummerBeats | C6: =COUNTIF('Raw Posts Data'!$M:$M,B6) -> 29 | D6: =SUMIF('Raw Posts Data'!$M:$M,B6,'Raw Posts Data'!$N:$N) -> 105783 | E6: =VLOOKUP(B6,'Raw Campaign Data'!$A:$E,5,FALSE) -> 175000 | F6: =D6/E6 -> 0.60447429 | G6: =IF(F6>=2,"Excellent",IF(F6>=1,"Good","Needs Improvement")) -> Needs Improvement
A7: =RANK(C7,$C$4:$C$7,0) -> 4 | B7: Wrapped2024 | C7: =COUNTIF('Raw Posts Data'!$M:$M,B7) -> 23 | D7: =SUMIF('Raw Posts Data'!$M:$M,B7,'Raw Posts Data'!$N:$N) -> 75464 | E7: =VLOOKUP(B7,'Raw Campaign Data'!$A:$E,5,FALSE) -> 225000 | F7: =D7/E7 -> 0.33539556 | G7: =IF(F7>=2,"Excellent",IF(F7>=1,"Good","Needs Improvement")) -> Needs Improvement

Sheet Campaign Follower Growth
A1: TASK:5 FOLLOWER GROWTH BY CAMPAIGN
A3: RANK | B3: CAMPAIGN | C3: NEW FOLLOWERS | D3: UNFOLLW | E3: NET GAIN
A4: =RANK(E4,$E$4:$E$7,0) -> 1 | B4: ChillVibes | C4: =SUMIFS('Raw Engagement Summary'!$C:$C,'Raw Engagement Summary'!$A:$A,">=2024-06-15",'Raw Engagement Summary'!$A:$A,"<=2024-07-15") -> 16066 | D4: =SUMIFS('Raw Engagement Summary'!$D:$D,'Raw Engagement Summary'!$A:$A,">=2024-06-15",'Raw Engagement Summary'!$A:$A,"<=2024-07-15") -> 2508 | E4: =C4-D4 -> 13558
A5: =RANK(E5,$E$4:$E$7,0) -> 2 | B5: SummerBeats | C5: =SUMIFS('Raw Engagement Summary'!$C:$C,'Raw Engagement Summary'!$A:$A,">=2025-03-01",'Raw Engagement Summary'!$A:$A,"<=2025-03-31") -> 15065 | D5: =SUMIFS('Raw Engagement Summary'!$D:$D,'Raw Engagement Summary'!$A:$A,">=2025-03-01",'Raw Engagement Summary'!$A:$A,"<=2025-03-31") -> 2339 | E5: =C5-D5 -> 12726
A6: =RANK(E6,$E$4:$E$7,0) -> 3 | B6: IndieWave | C6: =SUMIFS('Raw Engagement Summary'!$C:$C,'Raw Engagement Summary'!$A:$A,">=2024-12-01",'Raw Engagement Summary'!$A:$A,"<=2024-12-31") -> 13891 | D6: =SUMIFS('Raw Engagement Summary'!$D:$D,'Raw Engagement Summary'!$A:$A,">=2024-12-01",'Raw Engagement Summary'!$A:$A,"<=2024-12-31") -> 2530 | E6: =C6-D6 -> 11361
A7: =RANK(E7,$E$4:$E$7,0) -> 4 | B7: Wrapped2024 | C7: =SUMIFS('Raw Engagement Summary'!$C:$C,'Raw Engagement Summary'!$A:$A,">=2025-01-10",'Raw Engagement Summary'!$A:$A,"<=2025-02-10") -> 12594 | D7: =SUMIFS('Raw Engagement Summary'!$D:$D,'Raw Engagement Summary'!$A:$A,">=2025-01-10",'Raw Engagement Summary'!$A:$A,"<=2025-02-10") -> 2452 | E7: =C7-D7 -> 10142

Sheet Follower Retention 
A1: Task 6: Follower Retention & Loyalty
A3: WEEK | B3: Sum of New_Followers | C3: Sum of Unfollows | D3: Sum of Net Follower Gain | E3: Sum of Ad_Spend | F3: 3 week moving AVG
A4: 45446 | B4: 3869 | C4: 450 | D4: 3419 | E4: 53723 | F4: =D4 -> 3419
A5: 45453 | B5: 3024 | C5: 247 | D5: 2777 | E5: 60293 | F5: =AVERAGE(D4:D5) -> 3098
A6: 45460 | B6: 3767 | C6: 592 | D6: 3175 | E6: 51908 | F6: =AVERAGE(D4:D6) -> 3123.6667
A7: 45467 | B7: 3024 | C7: 591 | D7: 2433 | E7: 57474 | F7: =AVERAGE(D5:D7) -> 2795
A8: 45474 | B8: 2849 | C8: 423 | D8: 2426 | E8: 52712 | F8: =AVERAGE(D6:D8) -> 2678
A9: 45481 | B9: 3521 | C9: 366 | D9: 3155 | E9: 42020 | F9: =AVERAGE(D7:D9) -> 2671.3333
A10: 45488 | B10: 2905 | C10: 536 | D10: 2369 | E10: 48627 | F10: =AVERAGE(D8:D10) -> 2650
A11: 45495 | B11: 2654 | C11: 373 | D11: 2281 | E11: 48009 | F11: =AVERAGE(D9:D11) -> 2601.6667
A12: 45502 | B12: 2567 | C12: 435 | D12: 2132 | E12: 34912 | F12: =AVERAGE(D10:D12) -> 2260.6667
A13: 45509 | B13: 3138 | C13: 445 | D13: 2693 | E13: 45349 | F13: =AVERAGE(D11:D13) -> 2368.6667
A14: 45516 | B14: 3625 | C14: 553 | D14: 3072 | E14: 24209 | F14: =AVERAGE(D12:D14) -> 2632.3333
A15: 45523 | B15: 2813 | C15: 513 | D15: 2300 | E15: 52127 | F15: =AVERAGE(D13:D15) -> 2688.3333
A16: 45530 | B16: 3147 | C16: 697 | D16: 2450 | E16: 66319 | F16: =AVERAGE(D14:D16) -> 2607.3333
A17: 45537 | B17: 2915 | C17: 413 | D17: 2502 | E17: 55150 | F17: =AVERAGE(D15:D17) -> 2417.3333
... A70: 45908 | B70: 1877 | C70: 441 | D70: 1436 | E70: 19299 | F70: =AVERAGE(D68:D70) -> 1835.3333

Sheet AVG chart
A1: MOVING AVG CHART
A3: Sum of Net Follower Gain | B3: 3 week moving AVG | C3: Week
A4: 3419 | B4: =A4 -> 3419 | C4: 45446
A5: 2777 | B5: =AVERAGE(A4:A5) -> 3098 | C5: 45453
A6: 3175 | B6: =AVERAGE(A4:A6) -> 3123.6667 | C6: 45460
A7: 2433 | B7: =AVERAGE(A5:A7) -> 2795 | C7: 45467
A8: 2426 | B8: =AVERAGE(A6:A8) -> 2678 | C8: 45474
A9: 3155 | B9: =AVERAGE(A7:A9) -> 2671.3333 | C9: 45481
A10: 2369 | B10: =AVERAGE(A8:A10) -> 2650 | C10: 45488
A11: 2281 | B11: =AVERAGE(A9:A11) -> 2601.6667 | C11: 45495
A12: 2132 | B12: =AVERAGE(A10:A12) -> 2260.6667 | C12: 45502
A13: 2693 | B13: =AVERAGE(A11:A13) -> 2368.6667 | C13: 45509
A14: 3072 | B14: =AVERAGE(A12:A14) -> 2632.3333 | C14: 45516
A15: 2300 | B15: =AVERAGE(A13:A15) -> 2688.3333 | C15: 45523
A16: 2450 | B16: =AVERAGE(A14:A16) -> 2607.3333 | C16: 45530
A17: 2502 | B17: =AVERAGE(A15:A17) -> 2417.3333 | C17: 45537
... A70: 1436 | B70: =AVERAGE(A68:A70) -> 1835.3333 | C70: 45908

Sheet Correlation
A1: WEEKS | B1: Sum of New_Followers | C1: Sum of Unfollows | D1: Sum of Net Follower Gain | E1: Sum of Ad_Spend
A2: 45446 | B2: 3869 | C2: 450 | D2: 3419 | E2: 53723
A3: 45453 | B3: 3024 | C3: 247 | D3: 2777 | E3: 60293
A4: 45460 | B4: 3767 | C4: 592 | D4: 3175 | E4: 51908
A5: 45467 | B5: 3024 | C5: 591 | D5: 2433 | E5: 57474
A6: 45474 | B6: 2849 | C6: 423 | D6: 2426 | E6: 52712
A7: 45481 | B7: 3521 | C7: 366 | D7: 3155 | E7: 42020
A8: 45488 | B8: 2905 | C8: 536 | D8: 2369 | E8: 48627
A9: 45495 | B9: 2654 | C9: 373 | D9: 2281 | E9: 48009
A10: 45502 | B10: 2567 | C10: 435 | D10: 2132 | E10: 34912
A11: 45509 | B11: 3138 | C11: 445 | D11: 2693 | E11: 45349
A12: 45516 | B12: 3625 | C12: 553 | D12: 3072 | E12: 24209
A13: 45523 | B13: 2813 | C13: 513 | D13: 2300 | E13: 52127
... A68: 45908 | B68: 1877 | C68: 441 | D68: 1436 | E68: 19299
A70: Correlation (Ad Spend vs Net Gain) | B70: =CORREL(E2:E68,D2:D68) -> 0.10011759 | C70: Both = Weak Positive = Ad spend barely affects follower growth
A71: Correlation (Ad Spend vs New Followers) | B71: =CORREL(E2:E68,B2:B68) -> 0.13441635
